﻿{
   "CodeGenerationMode": 2,
   "ContextClassName": "CoolbooksContext",
   "ContextNamespace": null,
   "DefaultDacpacSchema": null,
   "FilterSchemas": false,
   "IncludeConnectionString": true,
   "ModelNamespace": null,
   "OutputContextPath": "Data",
   "OutputPath": "Model",
   "ProjectRootNamespace": "CoolBooks",
   "Schemas": null,
   "SelectedHandlebarsLanguage": 0,
   "SelectedToBeGenerated": 0,
   "Tables": [
      {
         "Name": "[dbo].[Authors]",
         "ObjectType": 0
      },
      {
         "Name": "[dbo].[Books]",
         "ObjectType": 0
      },
      {
         "Name": "[dbo].[Genres]",
         "ObjectType": 0
      },
      {
         "Name": "[dbo].[Reviews]",
         "ObjectType": 0
      },
      {
         "Name": "[dbo].[UserInfo]",
         "ObjectType": 0
      }
   ],
   "UiHint": "MARKUS\\MARKUSSQLEXPRESS.CoolBooks",
   "UseBoolPropertiesWithoutDefaultSql": false,
   "UseDatabaseNames": true,
   "UseDbContextSplitting": false,
   "UseFluentApiOnly": false,
   "UseHandleBars": false,
   "UseHierarchyId": false,
   "UseInflector": false,
   "UseLegacyPluralizer": false,
   "UseManyToManyEntity": false,
   "UseNoConstructor": false,
   "UseNoDefaultConstructor": false,
   "UseNoNavigations": false,
   "UseNoObjectFilter": false,
   "UseNodaTime": false,
   "UseNullableReferences": false,
   "UseSchemaFolders": false,
   "UseSpatial": false
}